{"colsample_bytree": 0.9643222113401246, "gamma": 5.144281022957538, "max_depth": 11.0, "min_child_weight": 9.0, "reg_alpha": 158.0, "reg_lambda": 0.9682788868546469}
